parameter,value
k_lymph,0.005068806826139147
k_blood,0.022942049427962866
k_deg_loc,0.09423101634847518
k_lymph_to_blood,0.4690962434716974
